{"localPosition":{"x":-2.261850118637085,"y":27.002111434936525,"z":0.0},"localRotation":{"x":0.0,"y":0.0,"z":0.0,"w":1.0},"localScale":{"x":1.100000023841858,"y":1.100000023841858,"z":1.0},"globalPosition":{"x":-2.261850118637085,"y":27.002111434936525,"z":0.0},"globalRotation":{"x":0.0,"y":0.0,"z":0.0,"w":1.0},"globalScale":{"x":1.100000023841858,"y":1.100000023841858,"z":1.0}}