{"localPosition":{"x":-5.044408321380615,"y":82.054931640625,"z":0.0},"localRotation":{"x":0.0,"y":0.0,"z":0.3826834559440613,"w":0.9238795042037964},"localScale":{"x":1.100000023841858,"y":1.100000023841858,"z":1.0},"globalPosition":{"x":-5.044408321380615,"y":82.054931640625,"z":0.0},"globalRotation":{"x":0.0,"y":0.0,"z":0.3826834559440613,"w":0.9238795042037964},"globalScale":{"x":1.0999999046325684,"y":1.0999999046325684,"z":1.0}}