{"localPosition":{"x":-19.1243839263916,"y":433.6766357421875,"z":0.0},"localRotation":{"x":0.0,"y":0.0,"z":0.3826834261417389,"w":0.9238795638084412},"localScale":{"x":1.100000023841858,"y":1.100000023841858,"z":1.0},"globalPosition":{"x":-19.1243839263916,"y":433.6766357421875,"z":0.0},"globalRotation":{"x":0.0,"y":0.0,"z":0.3826834261417389,"w":0.9238795638084412},"globalScale":{"x":1.1000001430511475,"y":1.1000001430511475,"z":1.0}}