{"localPosition":{"x":-11.65262508392334,"y":1129.9378662109375,"z":0.0},"localRotation":{"x":0.0,"y":0.0,"z":0.3826834261417389,"w":0.9238795638084412},"localScale":{"x":1.100000023841858,"y":1.100000023841858,"z":1.0},"globalPosition":{"x":-11.65262508392334,"y":1129.9378662109375,"z":0.0},"globalRotation":{"x":0.0,"y":0.0,"z":0.3826834261417389,"w":0.9238795638084412},"globalScale":{"x":1.1000001430511475,"y":1.1000001430511475,"z":1.0}}