{"localPosition":{"x":-16.72273826599121,"y":74.41741943359375,"z":0.007378104142844677},"localRotation":{"x":0.0,"y":0.0,"z":0.3826834261417389,"w":0.9238795638084412},"localScale":{"x":0.5,"y":0.5,"z":1.0},"globalPosition":{"x":-17.308731079101564,"y":74.29922485351563,"z":0.0},"globalRotation":{"x":0.0,"y":0.0,"z":0.3826834261417389,"w":0.9238795638084412},"globalScale":{"x":0.5,"y":0.5,"z":1.0}}