{"localPosition":{"x":-31.332901000976564,"y":126.65916442871094,"z":0.007378104142844677},"localRotation":{"x":0.0,"y":0.0,"z":0.3826834261417389,"w":0.9238795638084412},"localScale":{"x":0.5,"y":0.5,"z":1.0},"globalPosition":{"x":-31.918893814086915,"y":126.54096984863281,"z":0.0},"globalRotation":{"x":0.0,"y":0.0,"z":0.3826834261417389,"w":0.9238795638084412},"globalScale":{"x":0.5,"y":0.5,"z":1.0}}