{"localPosition":{"x":-13.751105308532715,"y":63.91938400268555,"z":0.007378104142844677},"localRotation":{"x":0.0,"y":0.0,"z":0.3826834261417389,"w":0.9238795638084412},"localScale":{"x":0.5,"y":0.5,"z":1.0},"globalPosition":{"x":-14.337098121643067,"y":63.80119323730469,"z":0.0},"globalRotation":{"x":0.0,"y":0.0,"z":0.3826834261417389,"w":0.9238795638084412},"globalScale":{"x":0.5,"y":0.5,"z":1.0}}