{"localPosition":{"x":-7.604846477508545,"y":13.622114181518555,"z":0.007378104142844677},"localRotation":{"x":0.0,"y":0.0,"z":0.3826834261417389,"w":0.9238795638084412},"localScale":{"x":0.5,"y":0.5,"z":1.0},"globalPosition":{"x":-8.190838813781739,"y":13.503923416137696,"z":0.0},"globalRotation":{"x":0.0,"y":0.0,"z":0.3826834261417389,"w":0.9238795638084412},"globalScale":{"x":0.5,"y":0.5,"z":1.0}}