{"localPosition":{"x":-12.043904304504395,"y":42.83761215209961,"z":0.007378104142844677},"localRotation":{"x":0.0,"y":0.0,"z":0.3826834261417389,"w":0.9238795638084412},"localScale":{"x":0.5,"y":0.5,"z":1.0},"globalPosition":{"x":-12.629897117614746,"y":42.71942138671875,"z":0.0},"globalRotation":{"x":0.0,"y":0.0,"z":0.3826834261417389,"w":0.9238795638084412},"globalScale":{"x":0.5,"y":0.5,"z":1.0}}