{"localPosition":{"x":-4.963162422180176,"y":197.23052978515626,"z":0.0},"localRotation":{"x":0.0,"y":0.0,"z":0.3826834261417389,"w":0.9238795638084412},"localScale":{"x":1.0,"y":1.0,"z":1.0},"globalPosition":{"x":-4.963162422180176,"y":197.23052978515626,"z":0.0},"globalRotation":{"x":0.0,"y":0.0,"z":0.3826834261417389,"w":0.9238795638084412},"globalScale":{"x":1.0,"y":1.0,"z":1.0}}