{"localPosition":{"x":-19.839691162109376,"y":593.8880004882813,"z":0.0},"localRotation":{"x":0.0,"y":0.0,"z":0.3826834261417389,"w":0.9238795638084412},"localScale":{"x":1.100000023841858,"y":1.100000023841858,"z":1.0},"globalPosition":{"x":-19.839691162109376,"y":593.8880004882813,"z":0.0},"globalRotation":{"x":0.0,"y":0.0,"z":0.3826834261417389,"w":0.9238795638084412},"globalScale":{"x":1.1000001430511475,"y":1.1000001430511475,"z":1.0}}