{"localPosition":{"x":11.99027156829834,"y":17.59000015258789,"z":-7.813692092895508},"localRotation":{"x":0.04535660892724991,"y":-0.1122710332274437,"z":0.15742112696170808,"w":0.9800799489021301},"localScale":{"x":5.962801456451416,"y":3.283565044403076,"z":8.94420051574707},"globalPosition":{"x":13.99027156829834,"y":19.59000015258789,"z":-5.813692092895508},"globalRotation":{"x":0.04535660892724991,"y":-0.1122710332274437,"z":0.15742112696170808,"w":0.9800799489021301},"globalScale":{"x":5.962800979614258,"y":3.2835652828216554,"z":8.944201469421387}}