{"localPosition":{"x":1.2699991464614869,"y":1.5800005197525025,"z":2.258999824523926},"localRotation":{"x":-0.17261208593845368,"y":0.6783050298690796,"z":0.2298462986946106,"w":0.6762234568595886},"localScale":{"x":1.5117000341415406,"y":3.023399591445923,"z":1.104387879371643},"globalPosition":{"x":15.185123443603516,"y":24.24861717224121,"z":15.851297378540039},"globalRotation":{"x":-0.27108708024024966,"y":0.5512750148773193,"z":0.34310591220855715,"w":0.7105534672737122},"globalScale":{"x":13.467616081237793,"y":12.438843727111817,"z":5.706880569458008}}