{"localPosition":{"x":-12.570657730102539,"y":485.9339904785156,"z":0.0},"localRotation":{"x":0.0,"y":0.0,"z":0.3826834261417389,"w":0.9238795638084412},"localScale":{"x":1.0,"y":1.0,"z":1.0},"globalPosition":{"x":-12.570657730102539,"y":485.9339904785156,"z":0.0},"globalRotation":{"x":0.0,"y":0.0,"z":0.3826834261417389,"w":0.9238795638084412},"globalScale":{"x":1.0,"y":1.0,"z":1.0}}