{"localPosition":{"x":-5.287883758544922,"y":179.30316162109376,"z":0.0},"localRotation":{"x":0.0,"y":0.0,"z":0.3826834261417389,"w":0.9238795638084412},"localScale":{"x":1.0,"y":1.0,"z":1.0},"globalPosition":{"x":-5.287883758544922,"y":179.30316162109376,"z":0.0},"globalRotation":{"x":0.0,"y":0.0,"z":0.3826834261417389,"w":0.9238795638084412},"globalScale":{"x":1.0,"y":1.0,"z":1.0}}