{"localPosition":{"x":-8.704983711242676,"y":271.03228759765627,"z":0.0},"localRotation":{"x":0.0,"y":0.0,"z":0.3826834261417389,"w":0.9238795638084412},"localScale":{"x":1.0,"y":1.0,"z":1.0},"globalPosition":{"x":-8.704983711242676,"y":271.03228759765627,"z":0.0},"globalRotation":{"x":0.0,"y":0.0,"z":0.3826834261417389,"w":0.9238795638084412},"globalScale":{"x":1.0,"y":1.0,"z":1.0}}