{"localPosition":{"x":-0.5711537599563599,"y":56.463661193847659,"z":0.0},"localRotation":{"x":0.0,"y":0.0,"z":0.3826834261417389,"w":0.9238795638084412},"localScale":{"x":1.2000000476837159,"y":1.2000000476837159,"z":1.0},"globalPosition":{"x":-0.5711537599563599,"y":56.463661193847659,"z":0.0},"globalRotation":{"x":0.0,"y":0.0,"z":0.3826834261417389,"w":0.9238795638084412},"globalScale":{"x":1.2000000476837159,"y":1.2000000476837159,"z":1.0}}