{"localPosition":{"x":-4.255283832550049,"y":379.5780944824219,"z":0.0},"localRotation":{"x":0.0,"y":0.0,"z":0.3826834261417389,"w":0.9238795638084412},"localScale":{"x":1.2000000476837159,"y":1.2000000476837159,"z":1.0},"globalPosition":{"x":-4.255283832550049,"y":379.5780944824219,"z":0.0},"globalRotation":{"x":0.0,"y":0.0,"z":0.3826834261417389,"w":0.9238795638084412},"globalScale":{"x":1.2000000476837159,"y":1.2000000476837159,"z":1.0}}